                  epoch,             train/loss,  metrics/accuracy_top1,  metrics/accuracy_top5,               val/loss,                 lr/pg0,                 lr/pg1,                 lr/pg2
                      1,                0.66875,                0.95349,                      1,                0.58609,               7.14e-05,               7.14e-05,               7.14e-05
                      2,                 0.4127,                      1,                      1,                0.43369,              0.0001351,              0.0001351,              0.0001351
                      3,                0.20167,                      1,                      1,                0.34714,             0.00018324,             0.00018324,             0.00018324
                      4,                 0.0918,                      1,                      1,                0.33158,             0.00021584,             0.00021584,             0.00021584
                      5,                0.05685,                      1,                      1,                0.32837,             0.00023288,             0.00023288,             0.00023288
                      6,                0.04183,                      1,                      1,                0.32439,             0.00023437,             0.00023437,             0.00023437
